{
  "generated_at": "2026-07-22T01:28:59",
  "method_note": "Diagnostics are used to audit the hand-designed presence-led meta formula; they do not automatically optimize production weights.",
  "long_term_plan": "patch_buff_nerf_history_based_regression",
  "formula": {
    "presence_weight": 0.65,
    "performance_weight": 0.35,
    "presence_ban_weight": 1.0
  },
  "data_summary": {
    "latest_rows": 12480,
    "weekly_rows": 86400,
    "weekly_snapshots": 7
  },
  "correlation_matrix": {
    "win_rate_z": {
      "win_rate_z": 1.0,
      "persistence_score": 0.8637150378039012,
      "presence_score": 0.2838616323822709,
      "performance_score": 0.9375496204106685,
      "pick_rate_z": 0.2618281730535637,
      "ban_rate_z": 0.21909463933875262,
      "total_score": 0.944159397328228
    },
    "persistence_score": {
      "win_rate_z": 0.8637150378039012,
      "persistence_score": 1.0,
      "presence_score": 0.2673713653174613,
      "performance_score": 0.8187722507340843,
      "pick_rate_z": 0.2522874108874784,
      "ban_rate_z": 0.20423296663636023,
      "total_score": 0.87436890036753
    },
    "presence_score": {
      "win_rate_z": 0.2838616323822709,
      "persistence_score": 0.2673713653174613,
      "presence_score": 1.0,
      "performance_score": 0.288039240645402,
      "pick_rate_z": 0.6913822029063649,
      "ban_rate_z": 0.8359056267364791,
      "total_score": 0.3957028917869279
    },
    "performance_score": {
      "win_rate_z": 0.9375496204106685,
      "persistence_score": 0.8187722507340843,
      "presence_score": 0.288039240645402,
      "performance_score": 1.0,
      "pick_rate_z": 0.26658236806311475,
      "ban_rate_z": 0.24119084055547313,
      "total_score": 0.9135428884272788
    },
    "pick_rate_z": {
      "win_rate_z": 0.2618281730535637,
      "persistence_score": 0.2522874108874784,
      "presence_score": 0.6913822029063649,
      "performance_score": 0.26658236806311475,
      "pick_rate_z": 1.0,
      "ban_rate_z": 0.2818889831366141,
      "total_score": 0.32594183131574456
    },
    "ban_rate_z": {
      "win_rate_z": 0.21909463933875262,
      "persistence_score": 0.20423296663636023,
      "presence_score": 0.8359056267364791,
      "performance_score": 0.24119084055547313,
      "pick_rate_z": 0.2818889831366141,
      "ban_rate_z": 1.0,
      "total_score": 0.330600267586606
    },
    "total_score": {
      "win_rate_z": 0.944159397328228,
      "persistence_score": 0.87436890036753,
      "presence_score": 0.3957028917869279,
      "performance_score": 0.9135428884272788,
      "pick_rate_z": 0.32594183131574456,
      "ban_rate_z": 0.330600267586606,
      "total_score": 1.0
    }
  },
  "variance": {
    "win_rate_z": 0.9416775657125661,
    "persistence_score": 0.8846847040212886,
    "presence_score": 0.9416775657125661,
    "performance_score": 0.9416775657125661,
    "pick_rate_z": 0.9416775657125661,
    "ban_rate_z": 0.9416775657125663,
    "total_score": 0.827190080191273
  },
  "overheat_monitor": {
    "available": true,
    "s_a_rows": 3307,
    "s_a_perf_negative_share": 0.18778348956758392,
    "review_threshold": 0.15,
    "note": "S/A 랭크 중 성능 z<0(존재감만으로 상위) 비율. 이 값이 지속적으로 review_threshold를 넘으면 PRESENCE_BAN_WEIGHT 하향(예: 0.5)을 검토합니다."
  },
  "walk_forward": {
    "available": true,
    "rows": 73920,
    "weekly_snapshots": 7,
    "targets": {
      "next_week_win_rate_z": {
        "correlation_to_target": {
          "presence_led_meta_score": 0.5645748941675367,
          "presence_only": 0.2779994516329755,
          "shrunk_win_only": 0.8058676771501291,
          "win_rate_only": 0.8489912374053494,
          "persistence_only": 0.7309708691661176,
          "legacy_win_centric_score": 0.8449908355929503
        },
        "top_quartile_precision": {
          "presence_led_meta_score": 0.5500848765432099,
          "presence_only": 0.36566358024691353,
          "shrunk_win_only": 0.8094598765432099,
          "win_rate_only": 0.8167901234567901,
          "persistence_only": 0.702962962962963,
          "legacy_win_centric_score": 0.8146527777777778
        }
      },
      "next_week_presence_z": {
        "correlation_to_target": {
          "presence_led_meta_score": 0.9005355497415017,
          "presence_only": 0.9877320611079533,
          "shrunk_win_only": 0.2745638734144046,
          "win_rate_only": 0.27074348138380394,
          "persistence_only": 0.24975989402104162,
          "legacy_win_centric_score": 0.3138211219715609
        },
        "top_quartile_precision": {
          "presence_led_meta_score": 0.8464043209876544,
          "presence_only": 0.9677546296296295,
          "shrunk_win_only": 0.4263194444444444,
          "win_rate_only": 0.3622222222222222,
          "persistence_only": 0.34272376543209876,
          "legacy_win_centric_score": 0.3989274691358025
        }
      }
    }
  },
  "sensitivity": {
    "available": true,
    "variants": [
      {
        "presence_weight": 0.55,
        "performance_weight": 0.45,
        "presence_ban_weight": 0.5,
        "rank_change_rate": 0.1424679487179487,
        "avg_abs_rank_delta": 0.1424679487179487,
        "s_membership_change_rate": 0.026362179487179487
      },
      {
        "presence_weight": 0.55,
        "performance_weight": 0.45,
        "presence_ban_weight": 0.75,
        "rank_change_rate": 0.12419871794871795,
        "avg_abs_rank_delta": 0.12419871794871795,
        "s_membership_change_rate": 0.019631410256410256
      },
      {
        "presence_weight": 0.55,
        "performance_weight": 0.45,
        "presence_ban_weight": 1.0,
        "rank_change_rate": 0.12347756410256411,
        "avg_abs_rank_delta": 0.12347756410256411,
        "s_membership_change_rate": 0.01658653846153846
      },
      {
        "presence_weight": 0.65,
        "performance_weight": 0.35,
        "presence_ban_weight": 0.5,
        "rank_change_rate": 0.08846153846153847,
        "avg_abs_rank_delta": 0.08846153846153847,
        "s_membership_change_rate": 0.018349358974358975
      },
      {
        "presence_weight": 0.65,
        "performance_weight": 0.35,
        "presence_ban_weight": 0.75,
        "rank_change_rate": 0.03493589743589744,
        "avg_abs_rank_delta": 0.03493589743589744,
        "s_membership_change_rate": 0.006650641025641025
      },
      {
        "presence_weight": 0.65,
        "performance_weight": 0.35,
        "presence_ban_weight": 1.0,
        "rank_change_rate": 0.0,
        "avg_abs_rank_delta": 0.0,
        "s_membership_change_rate": 0.0
      },
      {
        "presence_weight": 0.75,
        "performance_weight": 0.25,
        "presence_ban_weight": 0.5,
        "rank_change_rate": 0.16314102564102564,
        "avg_abs_rank_delta": 0.16314102564102564,
        "s_membership_change_rate": 0.02107371794871795
      },
      {
        "presence_weight": 0.75,
        "performance_weight": 0.25,
        "presence_ban_weight": 0.75,
        "rank_change_rate": 0.13044871794871796,
        "avg_abs_rank_delta": 0.13044871794871796,
        "s_membership_change_rate": 0.016987179487179486
      },
      {
        "presence_weight": 0.75,
        "performance_weight": 0.25,
        "presence_ban_weight": 1.0,
        "rank_change_rate": 0.12475961538461539,
        "avg_abs_rank_delta": 0.12475961538461539,
        "s_membership_change_rate": 0.01842948717948718
      }
    ],
    "summary": {
      "variant_count": 9,
      "avg_rank_change_rate": 0.10354344729344728,
      "max_rank_change_rate": 0.16314102564102564,
      "avg_s_membership_change_rate": 0.016007834757834755,
      "max_s_membership_change_rate": 0.026362179487179487
    }
  }
}