{
  "generated_at": "2026-07-10T01:39:15",
  "method_note": "Diagnostics are used to audit the hand-designed presence-led meta formula; they do not automatically optimize production weights.",
  "long_term_plan": "patch_buff_nerf_history_based_regression",
  "formula": {
    "presence_weight": 0.65,
    "performance_weight": 0.35,
    "presence_ban_weight": 1.0
  },
  "data_summary": {
    "latest_rows": 12480,
    "weekly_rows": 73920,
    "weekly_snapshots": 6
  },
  "correlation_matrix": {
    "win_rate_z": {
      "win_rate_z": 1.0,
      "persistence_score": 0.8497872167136469,
      "presence_score": 0.27344582520815425,
      "performance_score": 0.9376420403113604,
      "pick_rate_z": 0.2594883571162019,
      "ban_rate_z": 0.20598661343382038,
      "total_score": 0.9874049884597547
    },
    "persistence_score": {
      "win_rate_z": 0.8497872167136469,
      "persistence_score": 1.0,
      "presence_score": 0.25508004918883637,
      "performance_score": 0.8056504396937068,
      "pick_rate_z": 0.2465630825060721,
      "ban_rate_z": 0.19037231639115318,
      "total_score": 0.9094448090530199
    },
    "presence_score": {
      "win_rate_z": 0.27344582520815425,
      "persistence_score": 0.25508004918883637,
      "presence_score": 1.0,
      "performance_score": 0.27873565843949133,
      "pick_rate_z": 0.686159334990539,
      "ban_rate_z": 0.834523549671184,
      "total_score": 0.3183560797373063
    },
    "performance_score": {
      "win_rate_z": 0.9376420403113604,
      "persistence_score": 0.8056504396937068,
      "presence_score": 0.27873565843949133,
      "performance_score": 1.0,
      "pick_rate_z": 0.26403680040090344,
      "ban_rate_z": 0.22900300867397907,
      "total_score": 0.9485778612349158
    },
    "pick_rate_z": {
      "win_rate_z": 0.2594883571162019,
      "persistence_score": 0.2465630825060721,
      "presence_score": 0.686159334990539,
      "performance_score": 0.26403680040090344,
      "pick_rate_z": 1.0,
      "ban_rate_z": 0.27181653372288944,
      "total_score": 0.2739770121903134
    },
    "ban_rate_z": {
      "win_rate_z": 0.20598661343382038,
      "persistence_score": 0.19037231639115318,
      "presence_score": 0.834523549671184,
      "performance_score": 0.22900300867397907,
      "pick_rate_z": 0.27181653372288944,
      "ban_rate_z": 1.0,
      "total_score": 0.26333189223539183
    },
    "total_score": {
      "win_rate_z": 0.9874049884597547,
      "persistence_score": 0.9094448090530199,
      "presence_score": 0.3183560797373063,
      "performance_score": 0.9485778612349158,
      "pick_rate_z": 0.2739770121903134,
      "ban_rate_z": 0.26333189223539183,
      "total_score": 1.0
    }
  },
  "variance": {
    "win_rate_z": 0.9415711792637887,
    "persistence_score": 0.8880429336904768,
    "presence_score": 0.9415711792637887,
    "performance_score": 0.941571179263789,
    "pick_rate_z": 0.9415711792637887,
    "ban_rate_z": 0.9415711792637887,
    "total_score": 0.8552678980441486
  },
  "overheat_monitor": {
    "available": true,
    "s_a_rows": 3251,
    "s_a_perf_negative_share": 0.14118732697631498,
    "review_threshold": 0.15,
    "note": "S/A 랭크 중 성능 z<0(존재감만으로 상위) 비율. 이 값이 지속적으로 review_threshold를 넘으면 PRESENCE_BAN_WEIGHT 하향(예: 0.5)을 검토합니다."
  },
  "walk_forward": {
    "available": true,
    "rows": 61440,
    "weekly_snapshots": 6,
    "targets": {
      "next_week_win_rate_z": {
        "correlation_to_target": {
          "presence_led_meta_score": 0.548961583185448,
          "presence_only": 0.26491527636111895,
          "shrunk_win_only": 0.7882280442211436,
          "win_rate_only": 0.8282857941703893,
          "persistence_only": 0.7007373173116228,
          "legacy_win_centric_score": 0.823569403272231
        },
        "top_quartile_precision": {
          "presence_led_meta_score": 0.5348703703703703,
          "presence_only": 0.35194444444444445,
          "shrunk_win_only": 0.7955648148148148,
          "win_rate_only": 0.8001018518518519,
          "persistence_only": 0.6758240740740741,
          "legacy_win_centric_score": 0.7972592592592593
        }
      },
      "next_week_presence_z": {
        "correlation_to_target": {
          "presence_led_meta_score": 0.8969302660779264,
          "presence_only": 0.9854911956597074,
          "shrunk_win_only": 0.2615008687317827,
          "win_rate_only": 0.2582108159963121,
          "persistence_only": 0.23130267719425626,
          "legacy_win_centric_score": 0.3001783900180023
        },
        "top_quartile_precision": {
          "presence_led_meta_score": 0.8457777777777777,
          "presence_only": 0.9629722222222221,
          "shrunk_win_only": 0.4171851851851852,
          "win_rate_only": 0.3504074074074074,
          "persistence_only": 0.33122222222222225,
          "legacy_win_centric_score": 0.387
        }
      }
    }
  },
  "sensitivity": {
    "available": true,
    "variants": [
      {
        "presence_weight": 0.55,
        "performance_weight": 0.45,
        "presence_ban_weight": 0.5,
        "rank_change_rate": 0.14342948717948717,
        "avg_abs_rank_delta": 0.14342948717948717,
        "s_membership_change_rate": 0.03012820512820513
      },
      {
        "presence_weight": 0.55,
        "performance_weight": 0.45,
        "presence_ban_weight": 0.75,
        "rank_change_rate": 0.1265224358974359,
        "avg_abs_rank_delta": 0.1265224358974359,
        "s_membership_change_rate": 0.02267628205128205
      },
      {
        "presence_weight": 0.55,
        "performance_weight": 0.45,
        "presence_ban_weight": 1.0,
        "rank_change_rate": 0.12107371794871795,
        "avg_abs_rank_delta": 0.12107371794871795,
        "s_membership_change_rate": 0.020192307692307693
      },
      {
        "presence_weight": 0.65,
        "performance_weight": 0.35,
        "presence_ban_weight": 0.5,
        "rank_change_rate": 0.09815705128205128,
        "avg_abs_rank_delta": 0.09815705128205128,
        "s_membership_change_rate": 0.022435897435897436
      },
      {
        "presence_weight": 0.65,
        "performance_weight": 0.35,
        "presence_ban_weight": 0.75,
        "rank_change_rate": 0.040705128205128206,
        "avg_abs_rank_delta": 0.040705128205128206,
        "s_membership_change_rate": 0.008493589743589743
      },
      {
        "presence_weight": 0.65,
        "performance_weight": 0.35,
        "presence_ban_weight": 1.0,
        "rank_change_rate": 0.0,
        "avg_abs_rank_delta": 0.0,
        "s_membership_change_rate": 0.0
      },
      {
        "presence_weight": 0.75,
        "performance_weight": 0.25,
        "presence_ban_weight": 0.5,
        "rank_change_rate": 0.16442307692307692,
        "avg_abs_rank_delta": 0.16450320512820513,
        "s_membership_change_rate": 0.026842948717948716
      },
      {
        "presence_weight": 0.75,
        "performance_weight": 0.25,
        "presence_ban_weight": 0.75,
        "rank_change_rate": 0.1326923076923077,
        "avg_abs_rank_delta": 0.1326923076923077,
        "s_membership_change_rate": 0.01939102564102564
      },
      {
        "presence_weight": 0.75,
        "performance_weight": 0.25,
        "presence_ban_weight": 1.0,
        "rank_change_rate": 0.1264423076923077,
        "avg_abs_rank_delta": 0.1264423076923077,
        "s_membership_change_rate": 0.022035256410256412
      }
    ],
    "summary": {
      "variant_count": 9,
      "avg_rank_change_rate": 0.10593839031339031,
      "max_rank_change_rate": 0.16442307692307692,
      "avg_s_membership_change_rate": 0.019132834757834758,
      "max_s_membership_change_rate": 0.03012820512820513
    }
  }
}